Company_name,Year,TSR_CIQ_no_buybacks,NAV_1_f,Revenue_growth_1_f,EVA_ratio_bespoke
B&M European Value Retail,2016,0.0297701973762058,0.1250585428326303,0.2358849518831398,0.0402922901831878
BJ's Wholesale Club,2022,-0.0120949678960729,1.0296060151506183,0.0801868850824985,0.0678035039370214
Woolworths Group Limited,2022,-0.0940861136469524,2.510063254744106,0.0917948073852117,0.0177213079644695
Grocery Outlet,2019,,1.4850192198059011,0.11887999090774,-0.0295966832106745
Ocado Group,2018,0.9894233190632084,1.2479806138933769,0.0992093502921966,-0.0930313970537508
Albertsons,2024,-0.1253824902593231,0.6587177010383951,0.0204508195137906,0.0242703861206476
Metro Inc,2018,0.1972933670360295,0.9237628778922482,0.0916943067710034,0.1371736418661431
Tesco ,2018,-0.0769593519104851,0.6339257873401933,0.0281846307920667,-0.0052300292281031
Tesco ,2016,0.3836128722477339,0.2184980907933813,-0.0525603864734299,-0.0358088023023334
Marks & Spencer,2020,-0.361592517269457,0.5019034505102873,-0.0188295606757056,-0.0125156050326154
Marks & Spencer,2022,-0.4671562839756878,0.2765333799982503,0.1888877966731106,-0.0152496103312702
GS Retail,2021,-0.0826712064445688,0.6569644268284183,0.0934676791281388,0.0836834105416224
Albertsons,2020,,0.5703453505204406,0.0317273620827791,0.00459955844849
Metcash,2016,0.4117639283465183,0.1837281687705343,0.0024458107077145,0.0423463269972507
Metcash,2024,-0.0670620048447883,0.4085337756888758,0.0068972499588695,0.0395242284915307
DFI Retail Group,2019,-0.3505549235919982,0.0667871589637665,-0.0474070795706977,0.0450204075318768
Tesco ,2022,-0.1878844520656489,0.2972883323658677,0.0597197989185827,-0.014203901261939
Empire Company Ltd,2017,0.5911169649440114,0.0053489003529729,-0.0333433062716304,-0.0248416714564063
Sainsbury's,2022,-0.1588655732464813,0.2569765706610953,0.0291586339851279,-0.0224167415923384
Maxvalu Tokai,2020,0.136362608283914,0.4150629793539859,0.1919357316885797,0.0163524535586031
The Warehouse Group,2021,0.6231026743986511,0.1270955176051376,0.0762004267483602,0.0631374058210586
Woolworths Group Limited,2017,0.1708072003614721,0.1245857957845111,0.0255349519321255,0.0486317694281044
Dollar General,2024,-0.4312401124059036,0.2178629867847328,0.0223741330494444,0.0232533450455871
Amazon,2023,0.8088095238095238,0.3822983641804125,0.1182957412988368,0.0313463283626168
Target,2024,-0.0226768646789152,0.1958689458689457,-0.0156524926686216,0.0661889417762134
DFI Retail Group,2023,-0.1656887790909856,0.0496069683450177,-0.0004687057182098,-0.0209644419792302
Coles Group,2021,0.0257581002847205,0.0757170172084129,0.0309919542663561,0.058424879791778
Costco,2018,0.1059928137647712,0.1826879682281794,0.0972757217593489,0.1041545886200029
Jeronimo Martins,2016,0.2526758068590269,0.2493643372317302,0.0651063959976574,0.205022073070106
Costco,2016,0.0027779385019615,0.1373236189246518,0.0216869336224925,0.0818821581128494
Natural Grocers by Vitamin College,2022,-0.3402376632618656,0.0916479251178787,0.0323150004358057,-0.0118866645067815
Alimentation Couche Tard,2016,0.0167713103378967,0.3446869905533036,0.0294876727381681,0.0744375281925882
Colruyt,2024,-0.0916485348967785,0.2641411727214784,0.1190589206480239,0.1979036098322994
GS Retail,2015,1.1328749435420111,0.2839543055526341,0.2641388763765695,-0.0229227097905831
Kroger,2016,-0.163973925042132,0.249173098125689,0.0125847047434657,0.0588046242657064
Sainsbury's,2016,0.0090771215097189,0.149124390684239,-0.0113144058885383,-0.0086158463593085
Colruyt,2016,0.0071025361677593,0.1371688787693674,0.0292369459895927,0.1001295485978727
Target,2018,0.0467054461680646,0.0637268328311877,0.0347654082053763,0.0638403578851403
Kobe Bussan,2017,0.0616269049371658,0.3285019885108262,0.0511439151404713,0.0437408621992225
Eurocash,2022,0.2546125790823894,0.0156454879388501,0.1741242397935345,-0.0145141962875123
Kobe Bussan,2016,0.07690705268472,0.1117661508228935,0.0467037053239425,0.0145227979873129
Ocado Group,2022,-0.632419547079857,0.131566631566631,0.0074050354240884,-0.1751033792609579
Axfood,2022,0.1362883473841881,0.3332689335394128,0.26917828332556,0.0897039426499351
Amazon,2016,0.1094556806580952,0.4408995815899581,0.2708352802646581,0.017677206332495
Walmart,2024,0.1428469355694101,0.1969257540603248,0.0801429550572798,0.0260297909006272
Ingles Markets,2015,0.2051874046632911,0.1212126772925463,-0.0149484830504017,-0.0024470110776953
Albertsons,2022,-0.0681378778432966,0.4719504686324132,0.0315194058292103,0.0140508655017558
Sligro Food Group,2021,0.257378990307727,0.0486111111111111,-0.0246659815005139,-0.0026748549220478
Axfood,2017,0.1533749355136599,0.0874210781932978,0.0602698650674662,0.1942661033534603
Costco,2022,-0.1904980269972234,0.1421064277021795,0.1583481771458028,0.1159917950320778
Target,2021,0.3290547990272643,0.2203160652412743,0.1977801106104055,0.1140322777082019
Tesco ,2024,0.317770098737413,-0.0458077709611451,0.0438596491228069,0.0172192091125972
B&M European Value Retail,2022,-0.3225847019556088,0.0177353342428376,-0.0266611122682773,0.0936843150464558
Albertsons,2018,,0.0196907817969662,0.0041288108555552,-0.040296259114368
Jeronimo Martins,2023,0.1695714256621799,0.1864603481624758,0.2057514280086665,0.0683760502687796
Metcash,2020,0.3775622649055911,0.0971922246220307,0.0288381791900667,0.0074739544885582
Kesko Oyj,2019,0.3967653688250421,0.0592251744099747,0.0325056824748621,0.0330538190679291
Emart,2021,0.0099889989082376,0.1813614161712351,0.1316057568770192,0.0464017004593488
Metcash,2023,-0.0679787448279071,-0.0048606016140858,0.0421106773580923,0.0580540050064711
Kobe Bussan,2021,0.4084250700009577,0.3197286945958257,0.0621761962038314,0.1594902459771208
Aeon Co Bhd,2020,-0.2150825520617273,-0.0145517700967759,-0.1074233225612286,-0.0030334420893557
The North West Company,2021,0.1005496195565394,0.1832939082371123,0.1264547771120319,0.1337423628510151
Walmart,2017,0.2446358011495631,0.1357142857142856,0.0643691674627084,0.0603826402091467
Amazon,2015,1.1778314805864347,0.2460664742575178,0.202476738436643,-0.026302824534756
Emart,2019,-0.2901016349376622,0.1523279626304854,0.1181178577169652,-0.0275050705776634
B&M European Value Retail,2018,-0.3223949698510359,0.137366169260626,0.2464935449630965,0.0688251196460288
Empire Company Ltd,2021,0.1240425693212964,0.1206058945165551,0.0621535001405677,0.0349002596852338
Marks & Spencer,2024,0.3912733678461123,0.0556923306475682,0.0929320359055594,0.0238357339456882
Axfood,2020,-0.0456298279357579,0.0738997411155566,0.0582577847851792,0.1600264909944738
Eurocash,2023,0.2489696346675311,0.1509076877028776,0.0516661766968862,-0.0114364205885682
Amazon,2018,0.284316827280734,0.5716554188169909,0.3093396152159491,0.06037698284292
Kesko Oyj,2021,0.4332609400750508,0.155392134472206,0.0591422037266149,0.1025817045440927
Village Super Market,2015,-0.0026122553352835,0.0842040697275412,0.0429023149721197,0.0120166209376038
DFI Retail Group,2016,0.2202256422562138,0.0853490929081912,0.0056925825828524,0.1480732812447625
Maxvalu Tokai,2023,0.0643386218583573,0.0625693174125341,-0.0107070302924427,0.0134333699667493
Dollar General,2018,0.1754693979174261,0.1330819226627333,0.0675124455361397,0.1139698039897008
Colruyt,2019,-0.2396590748595352,0.0814107274063187,0.0446592695944898,0.107859974619909
Ingles Markets,2020,-0.08748705444156,0.2363105612848217,0.0972327812961018,0.0931341064719087
Metcash,2019,0.1008301994702882,-0.0630340278818767,0.0175290543473018,0.0778424996620002
Life Corporation,2021,-0.0307157711662228,0.1991003060434359,0.0622135967974613,0.1030681691845492
Sprouts Farmers Market,2018,-0.0344969199178644,-0.0945113985990341,0.1163492269024732,0.0722277154658466
Eurocash,2018,-0.3147193562529743,0.0062165877965296,0.0951306635261368,0.053025638670194
Sheng Siong,2020,0.2891106323848584,0.1894311263318109,0.4062549178641035,0.3117218700757033
ARCS,2021,-0.0572850304766617,0.0893824223099855,0.0726631203078476,0.0418495678538564
Jeronimo Martins,2021,0.482104228319105,0.1218431546300398,0.0827243041517649,0.0663057887708136
Marks & Spencer,2015,-0.0237788272042352,0.1818081058115048,0.0001648932558657,0.0153839408985241
Sprouts Farmers Market,2023,0.4862527031201731,0.1965576803670476,0.1209066948814803,0.0453090920372577
Sligro Food Group,2019,-0.2769913625276625,-0.068901303538175,0.0208866155157714,0.0007377494339487
Carrefour,2019,0.0302274053338788,0.0342902711323764,0.000189440069281,-0.0244786489235005
Kroger,2019,0.0790015898692581,0.1346850108616943,-0.0115833874107722,0.0953930971088631
Jeronimo Martins,2019,0.451309086878168,0.1054698465570307,0.0750726147086287,0.04749088716856
Kesko Oyj,2017,-0.002012796844348,0.0497084273890147,0.0305881890691916,0.0559859202637071
Emart,2016,-0.0238953238618234,0.1222214888404944,0.0714862619273228,-0.0195725078546484
Kroger,2024,0.3691445629693626,0.1584781306171361,0.0120128424773031,0.0148822651783557
Carrefour,2022,-0.0024339827160338,0.1146238377007606,0.1575941235616131,-0.0116232754334157
Eurocash,2020,-0.3566849462083455,0.021514979080577,0.0219841307141346,-0.002176737513944
Walmart,2019,0.3044842759091123,0.1265137029955385,0.0362746412766528,0.0339208506909287
Sainsbury's,2024,-0.0491748069380333,-0.053081483524059,0.023721063160903,-0.0244977621288023
Seven & I Holdings,2022,0.1398449250574805,0.1117484237989667,0.5172845282186505,-0.0260396897735152
Sprouts Farmers Market,2019,-0.1769459804338579,-0.0122947202628664,0.0820955283085247,0.033722608550181
Carrefour,2016,-0.1157141234073051,0.1251874062968516,-0.0009569255894661,-0.0091103787344107
Ingles Markets,2022,0.125761933634461,0.2810409229317061,0.1385177556960715,0.0726681636821812
ARCS,2017,0.0172433021632519,0.0717339145715059,0.0213984718223567,0.0117717559932248
Amazon,2020,0.7625606113083384,0.505059619722849,0.3762343060437327,0.0877014232285647
Walmart,2016,0.3638680265590073,-0.0087572200484441,0.0499961422729726,0.027818440439222
Ingles Markets,2018,-0.1971946787909555,0.165074795724849,0.0225110940478998,0.0155622801910061
Target,2020,0.4047201916438104,0.0474462246614144,0.0365730665109613,0.095141633028308
Kroger,2023,0.0498711993625072,0.0620426344257079,0.0752059642608493,0.0220240003940065
BJ's Wholesale Club,2020,0.6394019349164469,-0.7310821242651572,0.0140966486094358,0.0342911419452112
Costco,2023,0.4900386394615225,0.2136387852956847,0.0675731646060435,0.1232249123692173
Empire Company Ltd,2019,0.0717878065160296,0.0830813305745663,0.0385188049093481,0.0146305533743469
The North West Company,2016,0.0032803904628293,0.0860323794426072,0.1056605515882787,0.0608738673539198
Dollar General,2017,0.269162729753141,0.0052842423291277,0.0794379102461921,0.0913433355861984
Target,2016,0.0273839059198813,-0.074301636064871,0.0160703957696439,0.0763166846094875
Village Super Market,2022,0.0410714868780052,0.0897171957958604,0.0151472913270256,-0.0232898139112172
Axfood,2021,0.4068956953168876,0.1343414420337496,0.078125,0.1577183174384084
Casey's General Stores,2015,0.3453456316400763,0.2445241047458706,-0.0197433924707978,0.0300507046415275
Sligro Food Group,2024,-0.2812692271395655,0.0216919739696312,0.0108429520811472,-0.0220868525629599
Dino Polska,2020,1.0097222222222222,0.3970837419476525,0.3242336704397424,0.1636561193079148
Casey's General Stores,2020,0.132388692669984,0.16641195256284,0.0968792252397217,0.0712516628769525
Aeon Co Bhd,2021,0.3331402520556284,0.0429384887447299,-0.1039019061032725,-0.0020361667141229
Koninklijke Ahold Delhaize,2019,0.0567762663835096,-0.0085885251671946,0.0552467710340653,0.023568364516825
B&M European Value Retail,2024,-0.2937485253588084,0.0194444444444443,0.1005418422636965,0.086258080059825
ARCS,2019,-0.0368646909391864,0.105565672234587,-0.0033251938399275,0.0121491739642397
Seven & I Holdings,2018,0.0426486469379423,0.0402034731315781,0.0346361843477265,0.0040884924844492
Weis Markets,2020,0.2126666728572144,0.0825222315099483,0.1606700422402962,0.0602454526046356
Seven & I Holdings,2023,0.0084060927585148,0.1589812340956815,0.3499014600642396,-0.010003448904453
Axfood,2015,0.306319210485627,0.1146371463714637,0.0717960710944807,0.1591594538816681
Colruyt,2023,0.9760807590311048,0.019617399780675,0.0475511020311096,0.0050608635074641
ARCS,2015,0.0951879124528278,0.0854405642713009,0.035033704452773,-0.0214601876473669
BGF Retail,2021,0.0957150387795199,0.1614336300598831,0.0970499421765871,0.0673284442596153
Kroger,2018,0.0207541741719821,0.0290611028315945,0.0688677527593053,0.0367129345331426
Walmart,2023,0.1619585239963149,0.0046620046620047,0.0369580668088129,0.0354895851931317
Alimentation Couche Tard,2023,0.3225849822223893,0.0786129434904652,0.2215075874562562,0.0771584348734351
Casey's General Stores,2019,0.2511557797901215,0.1082712303355806,0.119482224866718,0.027238322452099
Natural Grocers by Vitamin College,2018,0.7166852293069158,0.0959270407744079,0.1040427551590965,0.0051755400747301
Dino Polska,2017,,0.3233719984315475,0.3244732108489141,0.0966520050727383
The North West Company,2019,-0.0891012573095658,0.0755188980416377,0.0142882905937267,0.0546748860096878
The Warehouse Group,2018,0.077564258481261,-0.0125516818842533,0.0046296746714187,-0.003200077220137
Coles Group,2022,-0.0338853053134301,0.1105581230003553,-0.0157617764086767,0.0354418200870063
Amazon,2024,0.4439252336448597,0.4165696594427244,0.1099089224666614,0.0776587822667638
Maxvalu Tokai,2016,0.0093970962196509,0.0426412206438036,0.0514793976977561,-0.0241763346511841
Natural Grocers by Vitamin College,2020,0.6233844875264871,0.102991600066282,0.1474796974707333,0.0159263149433079
Weis Markets,2016,0.547879885772109,0.06306302172534,0.0903700984583981,0.0142469707310993
Ocado Group,2015,-0.23975,0.1086159486709439,0.1672462851723046,-0.036377268289551
Maxvalu Tokai,2024,0.1426038528320751,0.0925024738718467,0.0445305846935548,0.0319473650183468
Metro Inc,2015,0.2619645986194446,0.0007648715363488,0.0546486747653229,0.047755245160264
Sheng Siong,2017,0.0138281177074581,0.0718573917410889,0.0416652545617264,0.1931223222810937
BGF Retail,2022,0.4757550386542416,0.1894286485096268,0.1230774755003902,0.0432666430805221
Casey's General Stores,2023,0.2327459693288243,0.1873531241437358,0.1653630925203091,0.0363635283440564
Kesko Oyj,2015,0.1132948816950534,-0.0103729860957846,-0.0431834718761714,-0.0365797791595525
Aeon Co Bhd,2017,-0.3059622173086622,0.0449363732767762,0.0209713382301779,0.0015355081393313
DFI Retail Group,2017,0.1205992888836448,0.1116246675952894,0.0078566518164042,0.1138012618084027
Carrefour,2021,0.1812000058690317,0.0189491817398794,-0.0048086277343858,0.0134379949361765
Marks & Spencer,2018,-0.1633112123451179,-0.0622778059928897,0.0071737902466579,-0.0358072925940008
Empire Company Ltd,2022,-0.0595817177910459,0.1413739439750996,0.0683451206256442,0.0039530433333185
Metro Inc,2016,0.050393813394731,0.0206704881014416,0.0461476791177866,0.0733554216734302
Kroger,2021,0.4541015293259444,0.1139624402192931,0.0835091506795544,0.0513772239320877
Weis Markets,2015,-0.0479416397731209,0.0319426868837771,0.0360376031401497,-0.0265144296122692
Albertsons,2019,,0.0375482763553114,0.0101777900895458,-0.0263620581240978
GS Retail,2019,-0.012130902299352,0.0442357798291406,0.0362782494908675,-0.0104908770129003
Dino Polska,2018,0.2163705583756346,0.339836792545658,0.3082556267484682,0.1159710613457952
The Warehouse Group,2019,0.4897303137266686,0.0036415953893944,0.025641736328843,0.0878297920856556
Life Corporation,2024,0.093320939792448,0.1217439058376093,0.0578554397883528,0.0455607259572679
Dino Polska,2022,0.0217805608494419,0.3692256831010458,0.481934157819945,0.144768806356745
The Warehouse Group,2017,-0.2062506201367826,-0.0474093020705213,0.0191778114680503,0.0568205467775686
Aeon Co Bhd,2024,0.4818163479894635,0.0421089266771814,0.0320866506920014,-0.0138867001369839
Empire Company Ltd,2018,0.1979576064092311,0.0181219110378914,0.01689329078293,-0.0190340886510388
Village Super Market,2023,0.1766221749091809,0.1022737961188795,0.0512206198291773,0.0125882987304769
Metcash,2017,0.4208573144453792,0.195968154261924,0.0536765528819249,0.0304592777396558
GS Retail,2018,0.021712158774132,0.0271605723168457,0.0514173728655054,-0.0110761539811835
DFI Retail Group,2020,-0.2332409637445425,0.0777732956837431,-0.0825388883428784,0.0447004463813629
Costco,2020,0.3266634500846906,0.2002695071868583,0.0920610597041315,0.1100320777140953
The North West Company,2018,0.0917861662524604,0.0390744592628844,0.0764760779418392,0.0462335152935679
Metro Inc,2021,0.2053768594419347,0.0418169412223414,0.015863314349215,0.0463065057873934
Sheng Siong,2016,0.1694557065444504,0.0436370784124229,0.0421881315955747,0.1797357895239198
Casey's General Stores,2021,0.1124510123386869,0.1761642643492444,-0.051018190584805,0.0549800932007091
Maxvalu Tokai,2017,0.360524800519067,0.0515173062366676,0.0240374097571647,0.0049009750073507
Sligro Food Group,2022,-0.2228207664965067,0.0573951434878587,0.3082191780821917,-0.0169499783652218
Sheng Siong,2019,0.2079002508556316,0.0786479960050074,0.1126346059304057,0.17094668802639
Weis Markets,2017,-0.3657235155256554,0.0713504157665405,0.1052331735060827,0.0250192989903814
Walmart,2022,-0.0449349304482216,-0.0367667695761998,0.0985444202777312,0.029634421553858
Costco,2019,0.4570070319042309,0.1893459513088606,0.0785938294626207,0.1230557879580161
ARCS,2023,0.2989027776803617,0.0469038690203968,-0.0196669483073854,-0.0085782232630369
GS Retail,2023,-0.1636759727545551,0.0060300465445062,0.0092691846880317,-0.0391339532372267
Natural Grocers by Vitamin College,2023,0.9183391082598602,0.0964559854183246,0.0467527819203854,-0.0028116193156088
Weis Markets,2019,-0.1272960186742003,0.0350435380228155,0.0096968885266737,0.0035965539169935
Coles Group,2024,0.2184615858125694,0.0777711561382599,0.0761991574486955,0.0437043312665668
Weis Markets,2022,0.2709744739550216,0.0673027574683826,0.1158903110180646,0.0035774466990851
Metro Inc,2024,0.3373874187930503,0.0326570133356809,0.0238991343620627,0.025798033786431
Loblaw,2019,0.1160689908859197,-0.070372803415996,0.0287837577367056,0.0049860245070985
Colruyt,2021,-0.2128689266496062,0.0711197762142916,0.0364993215739484,0.1108698927544782
Village Super Market,2018,0.2118197285594627,0.0569172303186664,0.0065257195990959,0.0134653169694489
Maxvalu Tokai,2018,-0.0539162981309836,0.0515236786423227,0.00408577456138,0.0089562016857032
Dino Polska,2019,0.5023474178403755,0.3387153604379336,0.3096701241014643,0.1252696973367039
Natural Grocers by Vitamin College,2015,-0.2768903159941167,0.1682683553523376,0.1997487871489647,0.0252548551487387
Sainsbury's,2018,0.1343339095592927,0.0784342258440047,0.0851128737034776,-0.0230503320408911
Sheng Siong,2023,0.0055722855855643,0.0918441998976213,0.0210942585989619,0.1778812622060352
Sheng Siong,2018,0.1836694177781166,0.0702908498526531,0.0735735536712067,0.1860315217053694
Metro Inc,2023,-0.069435412267167,0.0299014867641724,0.0971840604799643,0.0324139904789285
Seven & I Holdings,2019,-0.1441506113994858,0.0377204270345452,0.1247802392090515,0.0117595295558842
Dollar General,2020,0.3589276009510602,0.0444272308085227,0.083080055709565,0.0733658231648593
Weis Markets,2024,0.0799741170811084,0.0521662445237229,0.016365639051511,0.0034187419931947
Amazon,2017,0.5595636577006683,0.4368161783769768,0.3079632611940848,-0.0009980455709276
Seven & I Holdings,2021,0.4127158631213982,0.0268796106222934,-0.1320881367186812,0.0168028414289183
GS Retail,2020,-0.0988874735211236,0.0389868878862587,-0.0160554010044342,0.0103835455347651
Kobe Bussan,2018,0.519401509832376,0.3229443853113358,0.0623133720074908,0.0606756134936905
Village Super Market,2019,-0.0894021141126352,0.0512197133385015,0.0176199424783829,0.0175437544952895
Seven & I Holdings,2020,-0.0608560209697225,0.0317064454992264,-0.0216244074145789,0.0369400540404664
Ocado Group,2024,-0.6013976793248945,-0.2248841826604898,0.0824347206131361,-0.145897527198592
Aeon Co Bhd,2022,-0.0081269742600884,0.0368860619310342,0.1406828626550946,-0.0191175231504683
Casey's General Stores,2016,-0.0053478256672039,0.237919447367489,-0.106084385390351,0.0507875959177122
Life Corporation,2019,0.1689812865345612,0.0876111560226353,0.0309068589117456,0.0247549979964045
Life Corporation,2020,0.3905583931978615,0.0799033726656137,0.0228855878046581,0.0415245060015017
Aeon Co Bhd,2023,-0.1797092204364251,0.0287676781986772,-0.0029113079780368,-0.0142296248256817
Village Super Market,2020,-0.0096296275912706,0.0428277351006678,0.0980175259902331,0.0117007390228657
Sheng Siong,2024,0.0685254803675855,0.0832209876493526,0.0445976110589967,0.1602325520293185
Alimentation Couche Tard,2024,0.0310750649468021,0.0697580036165006,-0.0269761453256897,0.0425341107338416
Ingles Markets,2017,-0.2672573594233008,0.0869385653585901,0.054736115338021,-0.001663771709099
Village Super Market,2016,0.2049009163524486,0.0750414413273885,0.0322738698147291,0.0121792632211775
Metro Inc,2022,0.1315763655442602,0.0320608782435127,0.0331400754799542,0.0100477955716346
Jeronimo Martins,2018,-0.3316252607691922,0.0015204702182058,0.0651602498133772,0.1136935251162468
Loblaw,2017,-0.0220509508607546,0.0081363217684986,0.0043548560957205,0.0020693815149351
Village Super Market,2024,0.2604592641111992,0.0911655281032555,0.0322672655624756,0.0105614564452018
ARCS,2024,-0.0393658919949634,0.0356520878109583,0.0447679213859193,-0.0014775588207348
Weis Markets,2023,-0.2081140883072733,0.0556929685351588,0.0001245230681636,0.0026085781325411
Target,2023,-0.0135024655325269,-0.1243470803773291,0.029385406348757,0.0333550240723408
Colruyt,2020,0.0609842790171813,0.0687140462925219,0.0155927029118392,0.1382957521614889
Axfood,2024,-0.117224980749765,0.0282533054975644,0.0363205976994489,0.0520169867959793
Metro Inc,2017,0.0179376285164975,0.0076582709326069,0.0302942625450621,0.0742312507937318
Dino Polska,2016,,0.2841620712655122,0.3011848271686175,0.0845177857265938
BGF Retail,2024,-0.2193450114240322,0.1020797596067519,0.0615031874670468,0.040047656274672
Kesko Oyj,2024,0.0602079489412066,-0.0084831786542921,0.0115667272017516,0.0182656321509196
Empire Company Ltd,2024,0.2793647819606375,0.0247906009331608,0.00713166938614,0.008414078628981
Village Super Market,2021,0.09457341687044,0.0275427298988926,0.125089632349437,0.0016705363168183
Maxvalu Tokai,2019,0.0178619587335567,0.0359298827922414,0.009729609929078,0.0028064748489019
Aeon Co Bhd,2018,-0.1506160712289566,0.029297960585205,0.0558499628093753,0.0002688325145276
Alimentation Couche Tard,2019,0.2253389573110465,0.2182799230927388,0.2038911724152112,0.0678851594129535
Aeon Co Bhd,2016,-0.0447127356812521,0.0183905528442414,0.0532031690067387,-0.0125661123811347
Loblaw,2023,0.0873640182872081,0.0142283519553072,0.053536032847232,0.0268476410086725
Sheng Siong,2022,0.1759258079010346,0.0933195939681303,-0.0221177432542927,0.1840352183675303
Metro Inc,2020,0.0761691234300715,0.0312971216030559,0.0733561950201282,0.0488087588076942
Casey's General Stores,2022,0.1448930992179259,0.1594465506170448,0.4875746925902262,0.0108848325581884
Kobe Bussan,2024,-0.1692395962383977,0.1600947130212928,0.1003951935451721,0.0658465468224526
Weis Markets,2021,0.4092818907491377,0.0642404994263228,0.0271886331788571,0.0423878863018482
Seven & I Holdings,2015,0.2933664367056805,0.0942397606723572,0.0722906626987367,-0.0170452562025857
Village Super Market,2017,-0.2297831836443594,0.0555136438073859,-0.0185515479807988,0.0072301685777382
ARCS,2018,-0.0509867552254336,0.0519001411015378,0.0025553745769488,0.0135834331648557
B&M European Value Retail,2021,0.3695827177021707,-0.154944840840259,0.258985778259589,0.1366198867728269
Ocado Group,2016,-0.131535679052943,0.0847457627118644,0.1475261827374503,-0.021363757444359
Life Corporation,2023,0.279626444671813,0.1060924750679963,-0.0037861138515281,0.0353492762038911
Amazon,2021,0.0237677813155334,0.4800757997516167,0.2169536657134567,0.0921736321521137
Ingles Markets,2016,0.1104234643239555,0.0960356279010785,0.0043226154520854,0.000655989699252
Woolworths Group Limited,2018,0.1183144047035929,0.098521668691778,0.034705818221463,0.0630492857976747
Natural Grocers by Vitamin College,2019,-0.3511843876373141,0.069381023131551,0.0642371048782037,-0.0047364124803499
Dollar General,2015,0.0287785399181629,0.0569851910140937,0.0802906530770644,0.0494334638275086
The North West Company,2024,0.2957217337228569,0.0893239697484178,0.0505440418912255,0.0598073224930338
Koninklijke Ahold Delhaize,2024,0.2587943343638269,0.0473737716028463,0.0070097144273897,0.0019303356763774
Koninklijke Ahold Delhaize,2023,0.0036077278853961,0.0753589388528532,0.17371463340432,0.0079343185860616
Sainsbury's,2019,-0.0824811301672468,0.050060720550533,0.0193632274388528,-0.0295313179119673
Emart,2015,-0.06178530271485,0.0254465150457512,0.0369773668754567,-0.0207605911115354
Casey's General Stores,2018,0.1559333673620722,0.0676294703599806,0.1252204059671229,0.0597331330460663
The North West Company,2023,0.1526946144163715,0.1166762035422026,0.0462309609230897,0.0595208910196611
Alimentation Couche Tard,2022,0.1321180181866704,0.0378913963092031,0.3951979877969125,0.0506201256367827
The North West Company,2022,0.0850011760360694,0.1483935071284225,-0.0468129765572713,0.1027381148622636
Maxvalu Tokai,2015,0.0673491736734727,0.0085870037146027,0.0337727707345589,-0.0577590923454406
The Warehouse Group,2023,-0.3466049929551916,-0.0429328970147161,-0.0174299372376555,0.000471467705024
Dino Polska,2023,0.2275512922994937,0.3333968475537392,0.2961693239069003,0.1582828344279789
Ingles Markets,2021,1.047951743539644,0.200074926498841,0.0818353011400703,0.1194988747909433
Coles Group,2023,0.0016609781507069,0.0742637644046095,0.0586839153908349,0.0446100800686812
Kesko Oyj,2020,0.3821403264605763,0.0226550822122566,-0.0047666576495059,0.0779875450330634
The North West Company,2020,0.247240436492884,0.0388160071627381,0.0401825490716101,0.0604745060104718
Carrefour,2020,-0.046789907085717,-0.0053970701619121,-0.0265436441365874,0.007150343796882
Kroger,2020,0.1189510032805659,0.0941927249521379,0.0035616977973278,0.0328909326879305
Natural Grocers by Vitamin College,2017,-0.2489486821102622,0.0564845137107909,0.0900511552815808,-0.0191352079068591
Weis Markets,2018,0.1860620600058907,0.0302716237394795,0.0122484464811569,0.000135021625171
Kesko Oyj,2016,0.5677809486864195,-0.0515611061552186,0.1730057956653492,-0.0185994968818307
Seven & I Holdings,2017,0.0733463101789416,-0.0117253051676925,-0.0347378899132342,-0.0205498993208306
Dino Polska,2021,0.2691776088458879,0.354557539322754,0.3195986693416777,0.1662202212067667
Emart,2017,0.4906444585346809,0.0796675772690498,0.0615691013137571,-0.0007897447281006
Loblaw,2024,0.4920138251955824,-0.0303812720543936,0.0249458247240841,0.0275916733721519
Sprouts Farmers Market,2024,1.6412388276865515,0.1509263443289652,0.1289829560545379,0.0800683701891179
ARCS,2022,0.0581052278819768,0.0412116517675742,0.0370269290020934,-0.0196404063137478
Dollar General,2021,0.1301003109821676,-0.0061562103692647,0.2159282204389259,0.1060676799510074
Aeon Co Bhd,2015,-0.1201221726483416,0.0342951250243219,0.0348573206634394,0.0009778229474361
Sainsbury's,2020,0.0326674038380094,-0.0011565150346954,-0.0004826421208673,-0.0100261315149199
Kobe Bussan,2019,1.3268120335884144,0.2713901390390465,0.1214222887620473,0.0827678764757431
Ingles Markets,2019,0.782661441406279,0.1130454099243865,0.0266879893575733,0.0145180174428827
B&M European Value Retail,2023,0.4621897931663891,-0.0348525469168901,0.0663385405521077,0.0814939394766613
Alimentation Couche Tard,2018,0.0357369712655531,0.2341415822468902,0.2749751305290484,0.041441861433762
Dollar General,2022,0.0557074481986647,-0.0599366063785741,0.0140342033219762,0.0640295416789989
Casey's General Stores,2024,0.450094502160217,0.1333181241087755,-0.0153408449117972,0.0398500894240922
B&M European Value Retail,2019,0.4871464464771061,0.083045435143211,0.080147151530034,0.040392229088676
Dollar General,2023,-0.4413471385154898,-0.1150136713815718,0.1059136892096301,0.0594601915772453
The North West Company,2017,0.1386327213106863,0.0284470319787928,0.0267578304431705,0.0705390298661833
Eurocash,2015,0.3038571565276056,0.1173364706347879,0.1977362604576762,0.0778689274505296
Alimentation Couche Tard,2017,0.0647569967872065,0.2867820685610254,0.1982666976309171,0.0620558236360085
Emart,2023,-0.2183673469389513,0.0260223566453159,0.0047672192716468,-0.0611491044056627
Seven & I Holdings,2016,-0.1807446800706264,0.030549800980371,0.0011187378993824,-0.0056276339455543
Kobe Bussan,2023,0.1057833714834809,0.1772493031197606,0.1345409315828156,0.0714299880913682
Dino Polska,2024,-0.1538962448448014,0.2670900865268673,0.1405556439768871,0.1371319292638079
Sligro Food Group,2020,-0.2941666773118045,-0.136,-0.187473903966597,-0.1071457133344998
The North West Company,2015,0.1446824836548222,0.0212225530331224,0.052669096800324,0.0454666773576626
Life Corporation,2022,-0.2020858944333349,0.1305863058630585,0.0121030737170451,0.0477281457270351
Sainsbury's,2017,0.0061529077774626,0.0796543597800472,0.1156300519016422,-0.0195933802546195
Walmart,2015,0.0712841927002051,-0.0886398369842078,-0.0739496999142612,-0.007563714985436
Emart,2018,-0.3190648480650835,0.0098153490492789,0.0988841243607741,-0.0117547233360046
Alimentation Couche Tard,2020,0.0587972077401903,0.1482301059034956,-0.0410823269080733,0.0864565274012802
Natural Grocers by Vitamin College,2016,-0.4162984674555392,0.0973001523967858,0.129380256708256,0.0023630869051962
Kesko Oyj,2022,-0.2623119161277958,0.0840877643803121,0.0450257517566059,0.0680471823069442
Walmart,2020,0.0546318651948728,0.0543140028288542,-0.0153348430928501,0.0374974760297985
Axfood,2019,0.4310894835433971,-0.0616166077738515,0.0552147239263802,0.1321788163682039
Emart,2024,-0.1476538271920677,-0.0469960604767599,-0.0153144420889251,-0.0815967461892297
BGF Retail,2023,-0.3566801817569133,0.1161668321845106,0.0760244271591081,0.0447734762018365
Woolworths Group Limited,2015,-0.1588630221124451,0.0576320139852166,-0.0320070481459241,0.0747863584056569
BGF Retail,2020,-0.1864411204531725,0.1192300891866036,0.0395557519785403,0.0696081955879743
Alimentation Couche Tard,2021,0.2283878928501208,0.0727672593672166,-0.2505569658697547,0.0937772043171915
Axfood,2018,0.0051641059523199,0.0111656989727557,0.0460537765402018,0.2108111799322642
Natural Grocers by Vitamin College,2024,1.525102094227246,0.0199776400278626,0.0885672752523305,0.0216340555882212
Eurocash,2019,0.3058101643697848,-0.0704445213075284,0.0884405101448699,-0.0026393495645794
GS Retail,2017,-0.1405496625510826,0.0151935357143733,0.1168009675962047,-0.0135828393863718
Kobe Bussan,2022,-0.1434271952304499,0.2429077334151548,0.1235941711962524,0.0899055716973197
Kesko Oyj,2023,-0.0782254027224272,0.0059076653781637,-0.0021339656194429,0.0440954447657513
Sheng Siong,2021,-0.0202494436730148,0.1098989866675201,-0.0173873994080335,0.2559996718283587
Target,2017,-0.058354878373608,-0.1546654318129197,-0.0476248560005421,0.0659509854059364
Loblaw,2018,0.1349631243303393,-0.0727881833409471,0.0022753128555177,-0.0077776607600208
Carrefour,2024,-0.1244855912122285,-0.067378800328677,0.0277420344945638,-0.0219258684737328
Carrefour,2018,-0.1478409391152864,-0.0717223227504524,-0.0751614356509986,-0.0333717458818212
Dollar General,2019,0.4570573095449596,0.0476052495570356,0.0917761931155201,0.1136459960952807
Seven & I Holdings,2024,0.3584210341715217,0.0692031051269681,-0.0287478866641555,-0.0225530060006058
Colruyt,2018,0.4605721105651061,-0.0461171853097842,-0.048759677674198,0.1118387180798363
Colruyt,2017,-0.0600987039889233,0.0451726327098698,0.0344320348678834,0.0998989806372464
Jeronimo Martins,2015,0.5124471532176169,-0.0277489776901198,0.0826283308287754,0.0752759775379852
Jeronimo Martins,2020,-0.0357237295730946,0.0126034811665625,0.0351310371913196,0.0472631842633006
Tesco ,2021,0.303177546734391,-0.0979878824145411,-0.0035117315935342,-0.0091408329150723
Emart,2022,-0.3382050696672948,0.0873456837097741,0.1764644933917039,-0.0194656279227151
Target,2019,1.0017275839565771,-0.0303836580551025,0.0363341309789035,0.0746242853257213
ARCS,2016,0.0019912594008958,-0.0087926443249761,0.0671790946397057,-0.011964463947744
Sligro Food Group,2023,0.0093734784336664,-0.0375782881002088,0.1514297221103504,-0.0488416737763225
Metcash,2022,-0.0673277025515355,-0.1554488420726517,0.0593421025057105,0.0428761988328851
Colruyt,2022,-0.4077338425159014,-0.0257597340930674,-0.0684342493479815,0.0153987754548554
Walmart,2018,0.0532092144719273,0.038728897715988,0.0296168450120815,0.0570155347062054
Walmart,2021,0.4382222839664586,-0.0440032197477864,0.1782757261138126,0.0470149327460614
Ingles Markets,2024,-0.24703124593043,0.0594781405490032,-0.0429631215806247,-0.0075306765988738
Kobe Bussan,2020,0.7049420029310358,0.1720885162259973,0.1376895759906014,0.1297864361075605
Carrefour,2023,0.0944795135433673,0.0152434400121341,0.0219077606070476,-0.0149573365454194
Empire Company Ltd,2020,0.1597772278663637,-0.0169238305167769,0.056563944346972,0.0355637215204107
Life Corporation,2015,0.7885948585157107,-0.0528359125300204,0.0935835624940411,0.0007180088280694
The Warehouse Group,2016,0.1399274896722861,-0.0618907110652199,0.0535453765402345,0.0619554508804971
Jeronimo Martins,2022,0.0464094273900764,0.0209320695102686,0.2152328976973527,0.0530070287578837
Empire Company Ltd,2023,0.0016673874859465,0.0395021328814357,0.0102305085193676,0.0061313101268281
Marks & Spencer,2019,-0.0478636087341076,-0.1641730417710378,-0.0299957002112506,-0.0228989002565251
Eurocash,2017,-0.311064712137203,-0.1083004581091034,-0.0174569536629558,-0.0478307354062755
Woolworths Group Limited,2020,0.1138435739301654,-0.1384967569629912,-0.1150973592958122,0.0169432014345778
Marks & Spencer,2016,-0.1736802345718823,0.0764661748155557,0.0236631301278196,0.0131739916927887
Grocery Outlet,2023,-0.0763960260363138,0.0982918608484488,0.1093742183353683,-0.0186756332108293
Sainsbury's,2015,0.0985562644706908,-0.077601998334721,-0.0072654390579982,-0.0864505285840542
Carrefour,2017,-0.1866919482047947,0.0124916722185208,0.0205233649634104,-0.0360700251072863
Dollar General,2016,0.043570737118214,-0.0581715918528036,0.0771552505533172,0.0768812639726544
Grocery Outlet,2024,-0.4209940652818991,-0.01800565716343,0.1012854919808849,-0.0325861642689207
Maxvalu Tokai,2022,0.0575887702742031,-0.0653087051347639,-0.002801317209135,0.0185402153296998
Target,2015,-0.0159828056286895,-0.1376378534902347,0.0187853364946197,0.0258556205263577
Eurocash,2016,-0.1721104633992498,-0.005194141321167,0.0443782703822461,0.0728691105736538
Ingles Markets,2023,-0.0977493027685282,0.1582872320191477,0.03767439955456,0.043521826024526
Emart,2020,0.2043469590955822,0.0283967445434187,0.1558070024515312,0.001788961248492
ARCS,2020,0.0285572213806143,-0.0199891547481868,0.0136106480089643,0.0194064887055854
Jeronimo Martins,2024,-0.172627537352838,0.0606455820019562,0.0933089388395191,0.0335068134650201
B&M European Value Retail,2017,0.5508769301287367,-0.0008951924848037,0.1942602633046477,0.0484752432968271
Kroger,2022,0.0043531527549309,-0.0126701570680628,0.0406798593186312,-0.0052917621655263
DFI Retail Group,2021,-0.289638568130454,-0.0514260049404894,-0.1052052393241466,0.0040494149319577
Woolworths Group Limited,2019,0.2678886794126681,-0.0336436537929762,0.0533857825231807,0.0556722210325683
The Warehouse Group,2022,-0.2999324603481407,-0.0072400216894172,-0.0352219776190542,0.0246224980742485
Carrefour,2015,0.0778899335761532,0.0434102463824794,0.0330437991801657,-0.010017267747437
Sainsbury's,2021,0.2724628725038835,-0.137913289592178,0.0018970096230124,-0.0452411825909321
Casey's General Stores,2017,-0.0499346221008517,0.0989023159997153,0.0533782375430791,0.0234281869296662
Ocado Group,2017,0.5035971223021583,-0.0564024390243902,0.1443745082612115,-0.059960459679624
Kesko Oyj,2018,0.0936234289073696,-0.0945298149724475,-0.010389065746583,0.0086158411607402
Amazon,2019,0.2302775687929851,0.4250614250614251,0.2045412582067698,0.0471170908181612
BGF Retail,2019,-0.1553376572222247,0.193482625122676,0.029468482203717,0.0860014304762149
DFI Retail Group,2015,-0.3062539910419711,-0.0442036124794746,0.0117184306386999,0.1864696776195146
Metcash,2021,0.3964158556314999,-0.0586905803441236,0.0990295883427763,0.0734650525148781
Marks & Spencer,2017,-0.0507673056152482,-0.0850903177092409,0.0063095666672983,-0.0259934409807841
Ocado Group,2020,0.7881157154026586,0.7337557930577896,0.3274507571444838,-0.0611831119576964
Colruyt,2015,0.2554034382636089,-0.0844984493365195,0.0306056403143781,0.0824717194063479
The Warehouse Group,2024,-0.3285553157436346,-0.228983673266835,-0.0615756622361064,-0.0223180659439801
Aeon Co Bhd,2019,-0.0085930707622555,-0.1607152137598217,0.0425492231787651,-0.0021836374663528
GS Retail,2016,-0.0944460330324749,0.0919384153163527,0.1799518571173306,0.0242086976576028
Kobe Bussan,2015,0.6070274022705126,-0.101721094439541,0.0680378268263965,0.0042437616994104
DFI Retail Group,2022,0.0573220223039227,-0.2571022727272721,-0.0015236934328812,-0.0908678258237013
Axfood,2016,0.03443782834926,-0.0911498565438093,0.0511067471573689,0.216014495361148
Eurocash,2024,-0.5414596964527233,-0.0619878305743311,-0.0064964383188738,-0.0281547694204192
Sligro Food Group,2018,0.0943309037629499,-0.1751152073732719,0.0952380952380953,0.0127056638840035
B&M European Value Retail,2020,0.4316109965775335,-0.1345344500386142,0.1652355046335794,0.0581190935069423
BJ's Wholesale Club,2024,0.3403840384038403,0.3935798983031742,0.0338347614426279,0.0798885878289386
Eurocash,2021,-0.2030696408083918,-0.2007165823036658,0.0347592135708858,-0.0654467985983415
The Warehouse Group,2020,-0.0213520110069554,-0.2192671456103623,0.0330384908039018,0.016371884603577
Woolworths Group Limited,2024,-0.1454659821546723,-0.1515613099771515,0.0564282825769122,-0.0153520049011185
The Warehouse Group,2015,-0.0835542772791361,0.0388706608107773,0.0472090149278054,0.0036159402751148
Costco,2021,0.5182120324666298,-0.0335204490777867,0.174909001505148,0.1415241076857193
Jeronimo Martins,2017,0.1396295009455704,0.011395063880581,0.1131474247452661,0.1059244836518045
Costco,2017,0.2237203560164151,-0.1016055789815115,0.086810030407938,0.094771999905561
Coles Group,2020,0.2653489564780599,-0.2210306821566875,-0.0176788685524126,0.0577523696633772
Metcash,2015,-0.1293798035428054,-0.2744040150564618,-0.0017098867293376,-0.2557930212255852
Alimentation Couche Tard,2015,0.2313872241980801,0.082384016804434,0.003089811387914,0.048369381844433
Kroger,2017,-0.1896672197381596,-0.0129449838187701,0.0501411271965765,0.0457060807870947
Woolworths Group Limited,2016,0.0171206823632633,-0.2111121092346387,-0.0904658032958596,0.0795971603692175
Costco,2015,0.1894490892984946,-0.1335996803835397,0.0315962357954544,0.0802429835424774
Costco,2024,0.396226505687252,-0.0573070476494532,0.0502001733459902,0.1596791133633478
Kroger,2015,0.3170853682608321,0.0087117701575532,0.1025667090216009,0.0444009000108414
Natural Grocers by Vitamin College,2021,0.0623661055449207,-0.1752799510013523,0.0180104586812648,0.0137731166595792
Tesco ,2020,-0.0537285371971806,-0.0046902918403811,-0.0910641360642142,0.0018707193600673
GS Retail,2024,-0.229283507010223,-0.2806918911654309,0.0442576170127109,0.0255247463303144
Albertsons,2021,0.7517853926144964,0.2832623677626107,0.1158480252213189,0.0141884101001612
Axfood,2023,-0.0140764375261108,0.0411534560208666,0.1039415303372621,0.0956363733147642
Target,2022,-0.3424056471989478,-0.1117036011080332,0.1330041363388592,0.1581663638191781
Ocado Group,2019,0.6189873417721518,0.8995688106360034,0.0986990242682011,-0.1597970688507005
Ocado Group,2023,0.2295719844357975,-0.2188388564338519,-0.5541560712015259,-0.1047622741145139
Tesco ,2019,0.3815303247423037,0.2816793893129772,0.1116309811629241,-0.000683377621823
Marks & Spencer,2023,1.2179395951274972,-0.0812570684396314,0.0961130352500205,0.0083130840006873
Maxvalu Tokai,2021,0.0802714063581506,0.0511434393750707,0.3107982188960543,0.0353459950832234
Metcash,2018,-0.1704358197490223,-0.185171613533651,-0.1189429184458181,-0.1452770366532526
Sainsbury's,2023,0.4588126426380399,-0.1389053781313071,0.0533868539889612,-0.0327265719673794
Tesco ,2015,-0.2089952132691309,-0.5196984105420459,-0.1043472788205862,-0.287332888655733
BJ's Wholesale Club,2023,0.0075574365175332,0.6152199941984979,0.1588657240385997,0.0913540652069371
Amazon,2022,-0.4961521620470618,0.0564071033310427,0.0939951726398509,-0.0746983321768197
Empire Company Ltd,2016,-0.3774368943804426,-0.3899186668654442,0.0285951925476171,-0.3844981265798214
DFI Retail Group,2024,0.0037137599101326,-0.3981378402995652,-0.0328247854393177,-0.1293004764680596
DFI Retail Group,2018,0.1808510293325195,-0.3382126787036511,0.0408018638107132,-0.0045619338797726
Tesco ,2017,0.0170351894647364,-0.2555710306406685,0.0367863831049635,-0.0282398479220759
Empire Company Ltd,2015,-0.1071021738852956,0.0514499695201602,0.1423657793845876,-0.023228683921657
Tesco ,2023,0.3479054254194952,-0.218550242904628,0.0648474178403755,-0.0251706049049997
Sheng Siong,2015,0.2643856887144428,0.0335244947624588,0.0529568711285464,0.1454045717214014
GS Retail,2022,-0.060316070168696,0.0011261080910844,0.138404760601158,-0.0431364218984748
Woolworths Group Limited,2021,0.1725544004885804,-0.8074623560673162,0.049981160512434,0.0721313542141471
Koninklijke Ahold Delhaize,2015,0.3534392437976622,-1.0,-1.0,
Ocado Group,2021,-0.2662877131613467,-0.0674813158038294,0.0714040655287759,-0.0867551327478493
Metro Inc,2019,0.149510376815194,0.0479869365968426,0.1657535770401992,0.0355448613401435
Marks & Spencer,2021,0.6977252296589153,-0.3836321963057844,-0.1007866901069544,-0.0614628750336686
Loblaw,2020,-0.0442545845018242,-1.0,-1.0,
Life Corporation,2016,0.1130029565585324,-1.0,-1.0,
Sprouts Farmers Market,2020,0.0387596899224806,-1.0,-1.0,
Koninklijke Ahold Delhaize,2020,0.0788410526440118,-1.0,-1.0,
Sligro Food Group,2015,0.0978773626441796,-1.0,-1.0,
Albertsons,2023,0.134150919293881,-0.615068206641723,0.0801633118644538,0.0262927309007989
Sprouts Farmers Market,2015,-0.2174808711006473,-1.0,-1.0,
Koninklijke Ahold Delhaize,2018,0.2437063884637557,-0.0636123928806855,-0.0015741771346795,0.0181303146925379
Woolworths Group Limited,2023,0.1394862419557039,0.0755242463958061,0.0566155565416028,0.0308845744541907
Grocery Outlet,2020,0.2095531587057009,-1.0,-1.0,
BJ's Wholesale Club,2019,0.0261732851985558,-0.8037746988174083,0.0198170242882778,0.0489640451638467
BJ's Wholesale Club,2021,0.7964055793991416,-6.876030472545249,0.16976421354822,0.1003945221604085
